scorer,DLC_resnet50_downsampled_trackerSep16shuffle1_99000,DLC_resnet50_downsampled_trackerSep16shuffle1_99000,DLC_resnet50_downsampled_trackerSep16shuffle1_99000,DLC_resnet50_downsampled_trackerSep16shuffle1_99000,DLC_resnet50_downsampled_trackerSep16shuffle1_99000,DLC_resnet50_downsampled_trackerSep16shuffle1_99000,DLC_resnet50_downsampled_trackerSep16shuffle1_99000,DLC_resnet50_downsampled_trackerSep16shuffle1_99000,DLC_resnet50_downsampled_trackerSep16shuffle1_99000,DLC_resnet50_downsampled_trackerSep16shuffle1_99000,DLC_resnet50_downsampled_trackerSep16shuffle1_99000,DLC_resnet50_downsampled_trackerSep16shuffle1_99000,DLC_resnet50_downsampled_trackerSep16shuffle1_99000,DLC_resnet50_downsampled_trackerSep16shuffle1_99000,DLC_resnet50_downsampled_trackerSep16shuffle1_99000,DLC_resnet50_downsampled_trackerSep16shuffle1_99000,DLC_resnet50_downsampled_trackerSep16shuffle1_99000,DLC_resnet50_downsampled_trackerSep16shuffle1_99000,DLC_resnet50_downsampled_trackerSep16shuffle1_99000,DLC_resnet50_downsampled_trackerSep16shuffle1_99000,DLC_resnet50_downsampled_trackerSep16shuffle1_99000
bodyparts,Head,Head,Head,Sideleft,Sideleft,Sideleft,Sideright,Sideright,Sideright,Spine1,Spine1,Spine1,Tailbase,Tailbase,Tailbase,Tailmiddle,Tailmiddle,Tailmiddle,Tailend,Tailend,Tailend
coords,x,y,likelihood,x,y,likelihood,x,y,likelihood,x,y,likelihood,x,y,likelihood,x,y,likelihood,x,y,likelihood
labeled-data\trail_1_white(2)downsampled\img9092.png,251.52853393554688,205.47122192382812,0.9999023675918579,247.68264770507812,191.17507934570312,0.9999521374702454,239.99072265625,194.4710693359375,0.9999970197677612,238.31021118164062,184.32334899902344,0.9999675750732422,238.4331817626953,176.2398681640625,0.9880074262619019,241.79971313476562,157.34591674804688,0.7260530591011047,240.93215942382812,139.79879760742188,0.006506741046905518
labeled-data\trail_1_white(2)downsampled\img9804.png,99.1780014038086,74.3524169921875,0.9739679098129272,270.288818359375,226.05181884765625,0.08911964297294617,266.89862060546875,230.1126251220703,0.9121263027191162,265.97613525390625,227.4664764404297,0.026102453470230103,259.2219543457031,222.29222106933594,0.007566392421722412,250.13467407226562,210.824462890625,0.9269132614135742,227.00302124023438,213.22108459472656,0.454996258020401
